Model,Region,Date,EVI_Mean,EVI_Lower,EVI_Upper
BiLSTM,Erbil,2026-01-01,0.141991,0.131963,0.15202
BiLSTM,Erbil,2026-02-01,0.200295,0.186759,0.213831
BiLSTM,Erbil,2026-03-01,0.260163,0.244899,0.275427
BiLSTM,Erbil,2026-04-01,0.30945,0.291367,0.327534
BiLSTM,Erbil,2026-05-01,0.197288,0.178104,0.216472
BiLSTM,Erbil,2026-06-01,0.125236,0.116133,0.134338
BiLSTM,Erbil,2026-07-01,0.105421,0.09841,0.112431
BiLSTM,Erbil,2026-08-01,0.097885,0.09126,0.10451
BiLSTM,Erbil,2026-09-01,0.095319,0.08813,0.102508
BiLSTM,Erbil,2026-10-01,0.095709,0.089626,0.101792
BiLSTM,Erbil,2026-11-01,0.098772,0.092176,0.105369
BiLSTM,Erbil,2026-12-01,0.111275,0.102671,0.119879
BiLSTM,Erbil,2027-01-01,0.140184,0.127548,0.152821
BiLSTM,Erbil,2027-02-01,0.198464,0.183703,0.213225
BiLSTM,Erbil,2027-03-01,0.25191,0.237736,0.266084
BiLSTM,Erbil,2027-04-01,0.303594,0.28365,0.323537
BiLSTM,Erbil,2027-05-01,0.208456,0.185175,0.231738
BiLSTM,Erbil,2027-06-01,0.1259,0.116646,0.135154
BiLSTM,Erbil,2027-07-01,0.104822,0.096925,0.112719
BiLSTM,Erbil,2027-08-01,0.096894,0.089864,0.103924
BiLSTM,Erbil,2027-09-01,0.094856,0.087832,0.101881
BiLSTM,Erbil,2027-10-01,0.095913,0.088744,0.103082
BiLSTM,Erbil,2027-11-01,0.098941,0.091937,0.105946
BiLSTM,Erbil,2027-12-01,0.111426,0.102987,0.119865
BiLSTM,Erbil,2028-01-01,0.140881,0.128468,0.153295
BiLSTM,Erbil,2028-02-01,0.201971,0.188257,0.215684
BiLSTM,Erbil,2028-03-01,0.259584,0.243184,0.275984
BiLSTM,Erbil,2028-04-01,0.315177,0.2896,0.340753
BiLSTM,Erbil,2028-05-01,0.205279,0.172721,0.237836
BiLSTM,Erbil,2028-06-01,0.126154,0.114408,0.137899
BiLSTM,Erbil,2028-07-01,0.104219,0.09474,0.113697
BiLSTM,Erbil,2028-08-01,0.096468,0.088521,0.104415
BiLSTM,Erbil,2028-09-01,0.09474,0.086621,0.102859
BiLSTM,Erbil,2028-10-01,0.095703,0.088348,0.103057
BiLSTM,Erbil,2028-11-01,0.09952,0.091332,0.107708
BiLSTM,Erbil,2028-12-01,0.111587,0.101593,0.121581
BiLSTM,Erbil,2029-01-01,0.140731,0.126899,0.154564
BiLSTM,Erbil,2029-02-01,0.20131,0.186107,0.216512
BiLSTM,Erbil,2029-03-01,0.25945,0.237827,0.281073
BiLSTM,Erbil,2029-04-01,0.312738,0.286527,0.338949
BiLSTM,Erbil,2029-05-01,0.209175,0.178446,0.239903
BiLSTM,Erbil,2029-06-01,0.125219,0.113097,0.137342
BiLSTM,Erbil,2029-07-01,0.103873,0.093669,0.114077
BiLSTM,Erbil,2029-08-01,0.096446,0.08699,0.105902
BiLSTM,Erbil,2029-09-01,0.095107,0.086445,0.103769
BiLSTM,Erbil,2029-10-01,0.09546,0.087104,0.103817
BiLSTM,Erbil,2029-11-01,0.099546,0.090234,0.108858
BiLSTM,Erbil,2029-12-01,0.111794,0.100585,0.123003
BiLSTM,Erbil,2030-01-01,0.140439,0.126998,0.153881
BiLSTM,Erbil,2030-02-01,0.200677,0.180234,0.22112
BiLSTM,Erbil,2030-03-01,0.260163,0.23936,0.280966
BiLSTM,Erbil,2030-04-01,0.312889,0.28422,0.341559
BiLSTM,Erbil,2030-05-01,0.20804,0.165612,0.250469
BiLSTM,Erbil,2030-06-01,0.125867,0.108172,0.143563
BiLSTM,Erbil,2030-07-01,0.104485,0.092717,0.116253
BiLSTM,Erbil,2030-08-01,0.096799,0.08685,0.106748
BiLSTM,Erbil,2030-09-01,0.094438,0.084933,0.103942
BiLSTM,Erbil,2030-10-01,0.094841,0.085021,0.104661
BiLSTM,Erbil,2030-11-01,0.09907,0.089211,0.108929
BiLSTM,Erbil,2030-12-01,0.111503,0.100576,0.122431
BiLSTM,Erbil,2031-01-01,0.140909,0.123344,0.158475
BiLSTM,Erbil,2031-02-01,0.201899,0.180809,0.222989
BiLSTM,Erbil,2031-03-01,0.259054,0.237356,0.280751
BiLSTM,Erbil,2031-04-01,0.313775,0.282826,0.344723
BiLSTM,Erbil,2031-05-01,0.208234,0.166641,0.249826
BiLSTM,Erbil,2031-06-01,0.124732,0.108131,0.141332
BiLSTM,Erbil,2031-07-01,0.103738,0.09135,0.116126
BiLSTM,Erbil,2031-08-01,0.096249,0.083034,0.109464
BiLSTM,Erbil,2031-09-01,0.095059,0.083614,0.106504
BiLSTM,Erbil,2031-10-01,0.095557,0.083609,0.107506
BiLSTM,Erbil,2031-11-01,0.100093,0.088464,0.111722
BiLSTM,Erbil,2031-12-01,0.111522,0.096086,0.126958
BiLSTM,Erbil,2032-01-01,0.142322,0.126532,0.158113
BiLSTM,Erbil,2032-02-01,0.201495,0.176624,0.226365
BiLSTM,Erbil,2032-03-01,0.258362,0.233086,0.283637
BiLSTM,Erbil,2032-04-01,0.315162,0.276436,0.353888
BiLSTM,Erbil,2032-05-01,0.207173,0.165862,0.248484
BiLSTM,Erbil,2032-06-01,0.125665,0.109796,0.141533
BiLSTM,Erbil,2032-07-01,0.103938,0.091304,0.116573
BiLSTM,Erbil,2032-08-01,0.096073,0.08447,0.107677
BiLSTM,Erbil,2032-09-01,0.094614,0.084121,0.105107
BiLSTM,Erbil,2032-10-01,0.095341,0.085236,0.105447
BiLSTM,Erbil,2032-11-01,0.099232,0.08706,0.111404
BiLSTM,Erbil,2032-12-01,0.111368,0.097189,0.125548
BiLSTM,Erbil,2033-01-01,0.140364,0.122316,0.158413
BiLSTM,Erbil,2033-02-01,0.200403,0.176259,0.224547
BiLSTM,Erbil,2033-03-01,0.259376,0.225412,0.29334
BiLSTM,Erbil,2033-04-01,0.313973,0.275309,0.352636
BiLSTM,Erbil,2033-05-01,0.208344,0.163243,0.253445
BiLSTM,Erbil,2033-06-01,0.125248,0.106984,0.143512
BiLSTM,Erbil,2033-07-01,0.104336,0.088857,0.119814
BiLSTM,Erbil,2033-08-01,0.096204,0.083792,0.108616
BiLSTM,Erbil,2033-09-01,0.095002,0.08172,0.108284
BiLSTM,Erbil,2033-10-01,0.095411,0.082244,0.108578
BiLSTM,Erbil,2033-11-01,0.099176,0.085763,0.112589
BiLSTM,Erbil,2033-12-01,0.111647,0.096088,0.127207
BiLSTM,Erbil,2034-01-01,0.141419,0.118228,0.16461
BiLSTM,Erbil,2034-02-01,0.200521,0.175851,0.22519
BiLSTM,Erbil,2034-03-01,0.259192,0.225203,0.293181
BiLSTM,Erbil,2034-04-01,0.313184,0.269431,0.356936
BiLSTM,Erbil,2034-05-01,0.208014,0.157624,0.258404
BiLSTM,Erbil,2034-06-01,0.125562,0.105041,0.146083
BiLSTM,Erbil,2034-07-01,0.10412,0.090793,0.117447
BiLSTM,Erbil,2034-08-01,0.096797,0.083558,0.110036
BiLSTM,Erbil,2034-09-01,0.094451,0.081203,0.107698
BiLSTM,Erbil,2034-10-01,0.094939,0.081399,0.108479
BiLSTM,Erbil,2034-11-01,0.09903,0.085387,0.112672
BiLSTM,Erbil,2034-12-01,0.111707,0.095661,0.127752
BiLSTM,Erbil,2035-01-01,0.140703,0.119408,0.161998
BiLSTM,Erbil,2035-02-01,0.200845,0.173672,0.228019
BiLSTM,Erbil,2035-03-01,0.258395,0.225538,0.291251
BiLSTM,Erbil,2035-04-01,0.315045,0.275224,0.354866
BiLSTM,Erbil,2035-05-01,0.208863,0.156171,0.261555
BiLSTM,Erbil,2035-06-01,0.125592,0.103765,0.147419
BiLSTM,Erbil,2035-07-01,0.1042,0.088884,0.119517
BiLSTM,Erbil,2035-08-01,0.096618,0.080181,0.113055
BiLSTM,Erbil,2035-09-01,0.095012,0.082142,0.107883
BiLSTM,Erbil,2035-10-01,0.095796,0.080791,0.1108
BiLSTM,Erbil,2035-11-01,0.099346,0.085626,0.113066
BiLSTM,Erbil,2035-12-01,0.111693,0.093588,0.129797
BiLSTM,Duhok,2026-01-01,0.15608,0.149008,0.163151
BiLSTM,Duhok,2026-02-01,0.185433,0.176289,0.194577
BiLSTM,Duhok,2026-03-01,0.235702,0.224716,0.246688
BiLSTM,Duhok,2026-04-01,0.308817,0.291609,0.326024
BiLSTM,Duhok,2026-05-01,0.27259,0.254262,0.290917
BiLSTM,Duhok,2026-06-01,0.17579,0.164811,0.186769
BiLSTM,Duhok,2026-07-01,0.142993,0.135744,0.150242
BiLSTM,Duhok,2026-08-01,0.132955,0.12577,0.14014
BiLSTM,Duhok,2026-09-01,0.130166,0.123574,0.136757
BiLSTM,Duhok,2026-10-01,0.129612,0.122143,0.13708
BiLSTM,Duhok,2026-11-01,0.131024,0.12507,0.136977
BiLSTM,Duhok,2026-12-01,0.135495,0.12853,0.142459
BiLSTM,Duhok,2027-01-01,0.147086,0.138276,0.155895
BiLSTM,Duhok,2027-02-01,0.178244,0.168641,0.187847
BiLSTM,Duhok,2027-03-01,0.22967,0.215061,0.244278
BiLSTM,Duhok,2027-04-01,0.3209,0.299173,0.342626
BiLSTM,Duhok,2027-05-01,0.287166,0.264699,0.309633
BiLSTM,Duhok,2027-06-01,0.180991,0.166747,0.195235
BiLSTM,Duhok,2027-07-01,0.144345,0.134389,0.154301
BiLSTM,Duhok,2027-08-01,0.133826,0.125915,0.141738
BiLSTM,Duhok,2027-09-01,0.132455,0.125065,0.139844
BiLSTM,Duhok,2027-10-01,0.13316,0.126267,0.140052
BiLSTM,Duhok,2027-11-01,0.134712,0.127111,0.142312
BiLSTM,Duhok,2027-12-01,0.139379,0.132382,0.146377
BiLSTM,Duhok,2028-01-01,0.151572,0.142701,0.160442
BiLSTM,Duhok,2028-02-01,0.181733,0.168978,0.194488
BiLSTM,Duhok,2028-03-01,0.236999,0.218229,0.25577
BiLSTM,Duhok,2028-04-01,0.327588,0.302882,0.352293
BiLSTM,Duhok,2028-05-01,0.286121,0.259879,0.312363
BiLSTM,Duhok,2028-06-01,0.177416,0.165294,0.189539
BiLSTM,Duhok,2028-07-01,0.143444,0.134219,0.152669
BiLSTM,Duhok,2028-08-01,0.133851,0.126069,0.141634
BiLSTM,Duhok,2028-09-01,0.132416,0.122696,0.142136
BiLSTM,Duhok,2028-10-01,0.133116,0.124519,0.141713
BiLSTM,Duhok,2028-11-01,0.134191,0.125928,0.142455
BiLSTM,Duhok,2028-12-01,0.139136,0.129655,0.148618
BiLSTM,Duhok,2029-01-01,0.150138,0.139952,0.160324
BiLSTM,Duhok,2029-02-01,0.181717,0.16797,0.195465
BiLSTM,Duhok,2029-03-01,0.234856,0.216962,0.25275
BiLSTM,Duhok,2029-04-01,0.323416,0.296438,0.350394
BiLSTM,Duhok,2029-05-01,0.287898,0.262273,0.313523
BiLSTM,Duhok,2029-06-01,0.177186,0.163753,0.190618
BiLSTM,Duhok,2029-07-01,0.143303,0.132734,0.153872
BiLSTM,Duhok,2029-08-01,0.133509,0.122818,0.1442
BiLSTM,Duhok,2029-09-01,0.132108,0.122008,0.142208
BiLSTM,Duhok,2029-10-01,0.132749,0.123011,0.142486
BiLSTM,Duhok,2029-11-01,0.134182,0.124954,0.143411
BiLSTM,Duhok,2029-12-01,0.139507,0.130571,0.148442
BiLSTM,Duhok,2030-01-01,0.150705,0.139659,0.161752
BiLSTM,Duhok,2030-02-01,0.18221,0.166349,0.19807
BiLSTM,Duhok,2030-03-01,0.236758,0.212458,0.261058
BiLSTM,Duhok,2030-04-01,0.323777,0.296468,0.351085
BiLSTM,Duhok,2030-05-01,0.286386,0.252454,0.320317
BiLSTM,Duhok,2030-06-01,0.177383,0.161582,0.193184
BiLSTM,Duhok,2030-07-01,0.143532,0.133524,0.15354
BiLSTM,Duhok,2030-08-01,0.134206,0.123576,0.144837
BiLSTM,Duhok,2030-09-01,0.132344,0.12126,0.143428
BiLSTM,Duhok,2030-10-01,0.132564,0.122295,0.142832
BiLSTM,Duhok,2030-11-01,0.13455,0.125485,0.143615
BiLSTM,Duhok,2030-12-01,0.139565,0.130181,0.148949
BiLSTM,Duhok,2031-01-01,0.150643,0.138138,0.163148
BiLSTM,Duhok,2031-02-01,0.181934,0.165538,0.198329
BiLSTM,Duhok,2031-03-01,0.237142,0.211715,0.262569
BiLSTM,Duhok,2031-04-01,0.323601,0.295106,0.352095
BiLSTM,Duhok,2031-05-01,0.285656,0.256486,0.314826
BiLSTM,Duhok,2031-06-01,0.177249,0.160372,0.194125
BiLSTM,Duhok,2031-07-01,0.143713,0.130029,0.157398
BiLSTM,Duhok,2031-08-01,0.133591,0.121558,0.145623
BiLSTM,Duhok,2031-09-01,0.132278,0.120228,0.144328
BiLSTM,Duhok,2031-10-01,0.132708,0.122367,0.143049
BiLSTM,Duhok,2031-11-01,0.134308,0.124014,0.144603
BiLSTM,Duhok,2031-12-01,0.139092,0.128238,0.149946
BiLSTM,Duhok,2032-01-01,0.150832,0.138235,0.16343
BiLSTM,Duhok,2032-02-01,0.182171,0.163882,0.200461
BiLSTM,Duhok,2032-03-01,0.236647,0.2122,0.261094
BiLSTM,Duhok,2032-04-01,0.323453,0.290607,0.356299
BiLSTM,Duhok,2032-05-01,0.2854,0.250997,0.319803
BiLSTM,Duhok,2032-06-01,0.177823,0.157166,0.19848
BiLSTM,Duhok,2032-07-01,0.14282,0.130156,0.155484
BiLSTM,Duhok,2032-08-01,0.134231,0.121631,0.146832
BiLSTM,Duhok,2032-09-01,0.131973,0.120214,0.143731
BiLSTM,Duhok,2032-10-01,0.132271,0.12014,0.144402
BiLSTM,Duhok,2032-11-01,0.134197,0.122122,0.146272
BiLSTM,Duhok,2032-12-01,0.139148,0.126637,0.151658
BiLSTM,Duhok,2033-01-01,0.150098,0.135946,0.164249
BiLSTM,Duhok,2033-02-01,0.181906,0.161096,0.202717
BiLSTM,Duhok,2033-03-01,0.236693,0.205399,0.267987
BiLSTM,Duhok,2033-04-01,0.324024,0.28888,0.359168
BiLSTM,Duhok,2033-05-01,0.286734,0.251804,0.321663
BiLSTM,Duhok,2033-06-01,0.17744,0.157383,0.197497
BiLSTM,Duhok,2033-07-01,0.143513,0.129285,0.157742
BiLSTM,Duhok,2033-08-01,0.13425,0.122433,0.146066
BiLSTM,Duhok,2033-09-01,0.132609,0.117637,0.147581
BiLSTM,Duhok,2033-10-01,0.132648,0.118777,0.146519
BiLSTM,Duhok,2033-11-01,0.13424,0.121256,0.147224
BiLSTM,Duhok,2033-12-01,0.139166,0.127356,0.150976
BiLSTM,Duhok,2034-01-01,0.151252,0.134056,0.168447
BiLSTM,Duhok,2034-02-01,0.182692,0.16184,0.203545
BiLSTM,Duhok,2034-03-01,0.235441,0.205771,0.265111
BiLSTM,Duhok,2034-04-01,0.323686,0.287103,0.360268
BiLSTM,Duhok,2034-05-01,0.285672,0.242879,0.328464
BiLSTM,Duhok,2034-06-01,0.17805,0.153334,0.202767
BiLSTM,Duhok,2034-07-01,0.142576,0.125438,0.159714
BiLSTM,Duhok,2034-08-01,0.133965,0.119535,0.148396
BiLSTM,Duhok,2034-09-01,0.132169,0.119636,0.144702
BiLSTM,Duhok,2034-10-01,0.133221,0.120549,0.145893
BiLSTM,Duhok,2034-11-01,0.134752,0.120571,0.148933
BiLSTM,Duhok,2034-12-01,0.13926,0.125259,0.15326
BiLSTM,Duhok,2035-01-01,0.15066,0.135639,0.165682
BiLSTM,Duhok,2035-02-01,0.183027,0.160811,0.205242
BiLSTM,Duhok,2035-03-01,0.236844,0.205449,0.26824
BiLSTM,Duhok,2035-04-01,0.325268,0.284356,0.36618
BiLSTM,Duhok,2035-05-01,0.285473,0.23956,0.331386
BiLSTM,Duhok,2035-06-01,0.177073,0.155435,0.19871
BiLSTM,Duhok,2035-07-01,0.144122,0.126583,0.161661
BiLSTM,Duhok,2035-08-01,0.134044,0.118305,0.149784
BiLSTM,Duhok,2035-09-01,0.131814,0.119393,0.144235
BiLSTM,Duhok,2035-10-01,0.132757,0.118239,0.147274
BiLSTM,Duhok,2035-11-01,0.134499,0.118601,0.150397
BiLSTM,Duhok,2035-12-01,0.139261,0.124036,0.154486
BiLSTM,Sulaymaniyah,2026-01-01,0.169066,0.158471,0.179662
BiLSTM,Sulaymaniyah,2026-02-01,0.211762,0.200917,0.222607
BiLSTM,Sulaymaniyah,2026-03-01,0.246285,0.235642,0.256929
BiLSTM,Sulaymaniyah,2026-04-01,0.290141,0.275066,0.305217
BiLSTM,Sulaymaniyah,2026-05-01,0.163961,0.149181,0.178741
BiLSTM,Sulaymaniyah,2026-06-01,0.106909,0.100119,0.113699
BiLSTM,Sulaymaniyah,2026-07-01,0.092611,0.086457,0.098765
BiLSTM,Sulaymaniyah,2026-08-01,0.089021,0.083887,0.094154
BiLSTM,Sulaymaniyah,2026-09-01,0.088426,0.08302,0.093832
BiLSTM,Sulaymaniyah,2026-10-01,0.091246,0.084949,0.097543
BiLSTM,Sulaymaniyah,2026-11-01,0.097334,0.090441,0.104227
BiLSTM,Sulaymaniyah,2026-12-01,0.11494,0.10624,0.123641
BiLSTM,Sulaymaniyah,2027-01-01,0.142867,0.132389,0.153345
BiLSTM,Sulaymaniyah,2027-02-01,0.182358,0.16824,0.196477
BiLSTM,Sulaymaniyah,2027-03-01,0.219091,0.206008,0.232174
BiLSTM,Sulaymaniyah,2027-04-01,0.264865,0.247269,0.282461
BiLSTM,Sulaymaniyah,2027-05-01,0.1613,0.147017,0.175583
BiLSTM,Sulaymaniyah,2027-06-01,0.108899,0.100491,0.117308
BiLSTM,Sulaymaniyah,2027-07-01,0.092249,0.085995,0.098503
BiLSTM,Sulaymaniyah,2027-08-01,0.087471,0.0816,0.093343
BiLSTM,Sulaymaniyah,2027-09-01,0.087337,0.080343,0.094331
BiLSTM,Sulaymaniyah,2027-10-01,0.091867,0.08534,0.098394
BiLSTM,Sulaymaniyah,2027-11-01,0.102629,0.093488,0.11177
BiLSTM,Sulaymaniyah,2027-12-01,0.126712,0.114239,0.139186
BiLSTM,Sulaymaniyah,2028-01-01,0.161414,0.147578,0.17525
BiLSTM,Sulaymaniyah,2028-02-01,0.204822,0.19,0.219643
BiLSTM,Sulaymaniyah,2028-03-01,0.242213,0.227161,0.257264
BiLSTM,Sulaymaniyah,2028-04-01,0.298734,0.278385,0.319082
BiLSTM,Sulaymaniyah,2028-05-01,0.177102,0.150769,0.203435
BiLSTM,Sulaymaniyah,2028-06-01,0.109353,0.099681,0.119026
BiLSTM,Sulaymaniyah,2028-07-01,0.093016,0.085487,0.100544
BiLSTM,Sulaymaniyah,2028-08-01,0.088015,0.081436,0.094595
BiLSTM,Sulaymaniyah,2028-09-01,0.087007,0.080139,0.093876
BiLSTM,Sulaymaniyah,2028-10-01,0.090603,0.082931,0.098275
BiLSTM,Sulaymaniyah,2028-11-01,0.099052,0.089777,0.108327
BiLSTM,Sulaymaniyah,2028-12-01,0.120927,0.108206,0.133647
BiLSTM,Sulaymaniyah,2029-01-01,0.154378,0.138092,0.170665
BiLSTM,Sulaymaniyah,2029-02-01,0.197333,0.179435,0.21523
BiLSTM,Sulaymaniyah,2029-03-01,0.237316,0.219762,0.254871
BiLSTM,Sulaymaniyah,2029-04-01,0.289497,0.263284,0.315711
BiLSTM,Sulaymaniyah,2029-05-01,0.170027,0.146964,0.19309
BiLSTM,Sulaymaniyah,2029-06-01,0.108107,0.097298,0.118916
BiLSTM,Sulaymaniyah,2029-07-01,0.092378,0.08406,0.100696
BiLSTM,Sulaymaniyah,2029-08-01,0.088115,0.080764,0.095467
BiLSTM,Sulaymaniyah,2029-09-01,0.087768,0.079856,0.095679
BiLSTM,Sulaymaniyah,2029-10-01,0.091028,0.082121,0.099935
BiLSTM,Sulaymaniyah,2029-11-01,0.100164,0.090811,0.109516
BiLSTM,Sulaymaniyah,2029-12-01,0.124464,0.108906,0.140022
BiLSTM,Sulaymaniyah,2030-01-01,0.156939,0.138903,0.174976
BiLSTM,Sulaymaniyah,2030-02-01,0.199846,0.18134,0.218351
BiLSTM,Sulaymaniyah,2030-03-01,0.238303,0.218556,0.25805
BiLSTM,Sulaymaniyah,2030-04-01,0.288543,0.263304,0.313783
BiLSTM,Sulaymaniyah,2030-05-01,0.177619,0.148124,0.207114
BiLSTM,Sulaymaniyah,2030-06-01,0.108796,0.097919,0.119673
BiLSTM,Sulaymaniyah,2030-07-01,0.093156,0.083819,0.102492
BiLSTM,Sulaymaniyah,2030-08-01,0.088294,0.081139,0.09545
BiLSTM,Sulaymaniyah,2030-09-01,0.087567,0.079067,0.096066
BiLSTM,Sulaymaniyah,2030-10-01,0.090905,0.082489,0.09932
BiLSTM,Sulaymaniyah,2030-11-01,0.099761,0.08889,0.110632
BiLSTM,Sulaymaniyah,2030-12-01,0.121929,0.105436,0.138422
BiLSTM,Sulaymaniyah,2031-01-01,0.155126,0.13712,0.173133
BiLSTM,Sulaymaniyah,2031-02-01,0.198215,0.178322,0.218108
BiLSTM,Sulaymaniyah,2031-03-01,0.238379,0.215838,0.260921
BiLSTM,Sulaymaniyah,2031-04-01,0.28889,0.25984,0.317941
BiLSTM,Sulaymaniyah,2031-05-01,0.175275,0.149476,0.201073
BiLSTM,Sulaymaniyah,2031-06-01,0.108736,0.097861,0.119611
BiLSTM,Sulaymaniyah,2031-07-01,0.093165,0.083915,0.102415
BiLSTM,Sulaymaniyah,2031-08-01,0.088237,0.079146,0.097328
BiLSTM,Sulaymaniyah,2031-09-01,0.087817,0.078356,0.097278
BiLSTM,Sulaymaniyah,2031-10-01,0.090129,0.080226,0.100031
BiLSTM,Sulaymaniyah,2031-11-01,0.099973,0.087533,0.112412
BiLSTM,Sulaymaniyah,2031-12-01,0.123193,0.105221,0.141165
BiLSTM,Sulaymaniyah,2032-01-01,0.156968,0.135135,0.1788
BiLSTM,Sulaymaniyah,2032-02-01,0.200408,0.176627,0.224189
BiLSTM,Sulaymaniyah,2032-03-01,0.237456,0.213057,0.261854
BiLSTM,Sulaymaniyah,2032-04-01,0.288853,0.256428,0.321278
BiLSTM,Sulaymaniyah,2032-05-01,0.175459,0.142291,0.208626
BiLSTM,Sulaymaniyah,2032-06-01,0.108735,0.095162,0.122309
BiLSTM,Sulaymaniyah,2032-07-01,0.092604,0.08304,0.102168
BiLSTM,Sulaymaniyah,2032-08-01,0.088127,0.078144,0.098109
BiLSTM,Sulaymaniyah,2032-09-01,0.087123,0.077382,0.096865
BiLSTM,Sulaymaniyah,2032-10-01,0.090477,0.079282,0.101672
BiLSTM,Sulaymaniyah,2032-11-01,0.099712,0.085565,0.113859
BiLSTM,Sulaymaniyah,2032-12-01,0.122729,0.105652,0.139806
BiLSTM,Sulaymaniyah,2033-01-01,0.154834,0.133385,0.176284
BiLSTM,Sulaymaniyah,2033-02-01,0.198217,0.173576,0.222858
BiLSTM,Sulaymaniyah,2033-03-01,0.237686,0.211781,0.263591
BiLSTM,Sulaymaniyah,2033-04-01,0.287136,0.25034,0.323931
BiLSTM,Sulaymaniyah,2033-05-01,0.175842,0.139388,0.212296
BiLSTM,Sulaymaniyah,2033-06-01,0.109043,0.095732,0.122353
BiLSTM,Sulaymaniyah,2033-07-01,0.09251,0.081236,0.103784
BiLSTM,Sulaymaniyah,2033-08-01,0.087561,0.078642,0.096481
BiLSTM,Sulaymaniyah,2033-09-01,0.087728,0.077904,0.097552
BiLSTM,Sulaymaniyah,2033-10-01,0.090807,0.080749,0.100864
BiLSTM,Sulaymaniyah,2033-11-01,0.099877,0.085838,0.113915
BiLSTM,Sulaymaniyah,2033-12-01,0.123235,0.103285,0.143186
BiLSTM,Sulaymaniyah,2034-01-01,0.156927,0.134366,0.179487
BiLSTM,Sulaymaniyah,2034-02-01,0.199182,0.175644,0.222719
BiLSTM,Sulaymaniyah,2034-03-01,0.237426,0.212142,0.26271
BiLSTM,Sulaymaniyah,2034-04-01,0.289228,0.254731,0.323725
BiLSTM,Sulaymaniyah,2034-05-01,0.175249,0.14246,0.208039
BiLSTM,Sulaymaniyah,2034-06-01,0.108602,0.095201,0.122002
BiLSTM,Sulaymaniyah,2034-07-01,0.092758,0.081092,0.104423
BiLSTM,Sulaymaniyah,2034-08-01,0.088155,0.076051,0.10026
BiLSTM,Sulaymaniyah,2034-09-01,0.087633,0.077409,0.097857
BiLSTM,Sulaymaniyah,2034-10-01,0.090879,0.078031,0.103728
BiLSTM,Sulaymaniyah,2034-11-01,0.099546,0.086534,0.112557
BiLSTM,Sulaymaniyah,2034-12-01,0.122159,0.101243,0.143076
BiLSTM,Sulaymaniyah,2035-01-01,0.155624,0.130057,0.181191
BiLSTM,Sulaymaniyah,2035-02-01,0.197902,0.174427,0.221378
BiLSTM,Sulaymaniyah,2035-03-01,0.237701,0.208928,0.266475
BiLSTM,Sulaymaniyah,2035-04-01,0.288045,0.249053,0.327037
BiLSTM,Sulaymaniyah,2035-05-01,0.174689,0.136298,0.21308
BiLSTM,Sulaymaniyah,2035-06-01,0.108804,0.091481,0.126127
BiLSTM,Sulaymaniyah,2035-07-01,0.092836,0.079387,0.106285
BiLSTM,Sulaymaniyah,2035-08-01,0.08787,0.077747,0.097993
BiLSTM,Sulaymaniyah,2035-09-01,0.087628,0.07792,0.097337
BiLSTM,Sulaymaniyah,2035-10-01,0.090764,0.077349,0.10418
BiLSTM,Sulaymaniyah,2035-11-01,0.100295,0.086498,0.114092
BiLSTM,Sulaymaniyah,2035-12-01,0.123647,0.101128,0.146167
BiLSTM,Halabja,2026-01-01,0.217512,0.207897,0.227127
BiLSTM,Halabja,2026-02-01,0.281749,0.266568,0.296931
BiLSTM,Halabja,2026-03-01,0.373125,0.353196,0.393054
BiLSTM,Halabja,2026-04-01,0.41562,0.392739,0.4385
BiLSTM,Halabja,2026-05-01,0.200792,0.180928,0.220656
BiLSTM,Halabja,2026-06-01,0.135624,0.127283,0.143964
BiLSTM,Halabja,2026-07-01,0.113801,0.104709,0.122893
BiLSTM,Halabja,2026-08-01,0.107479,0.098279,0.11668
BiLSTM,Halabja,2026-09-01,0.110768,0.10103,0.120506
BiLSTM,Halabja,2026-10-01,0.122966,0.111856,0.134076
BiLSTM,Halabja,2026-11-01,0.141184,0.13012,0.152248
BiLSTM,Halabja,2026-12-01,0.16964,0.158334,0.180947
BiLSTM,Halabja,2027-01-01,0.205382,0.19542,0.215344
BiLSTM,Halabja,2027-02-01,0.259379,0.244075,0.274683
BiLSTM,Halabja,2027-03-01,0.333573,0.313082,0.354063
BiLSTM,Halabja,2027-04-01,0.38609,0.357714,0.414466
BiLSTM,Halabja,2027-05-01,0.202246,0.17572,0.228772
BiLSTM,Halabja,2027-06-01,0.132116,0.121756,0.142477
BiLSTM,Halabja,2027-07-01,0.109106,0.099714,0.118497
BiLSTM,Halabja,2027-08-01,0.103581,0.092937,0.114225
BiLSTM,Halabja,2027-09-01,0.108383,0.098417,0.118349
BiLSTM,Halabja,2027-10-01,0.121046,0.108419,0.133672
BiLSTM,Halabja,2027-11-01,0.140961,0.127789,0.154134
BiLSTM,Halabja,2027-12-01,0.168653,0.154424,0.182881
BiLSTM,Halabja,2028-01-01,0.208074,0.194163,0.221984
BiLSTM,Halabja,2028-02-01,0.265926,0.248395,0.283457
BiLSTM,Halabja,2028-03-01,0.350145,0.328458,0.371833
BiLSTM,Halabja,2028-04-01,0.413405,0.385782,0.441028
BiLSTM,Halabja,2028-05-01,0.206987,0.175775,0.238199
BiLSTM,Halabja,2028-06-01,0.132414,0.120673,0.144154
BiLSTM,Halabja,2028-07-01,0.110188,0.09964,0.120736
BiLSTM,Halabja,2028-08-01,0.104048,0.093726,0.114371
BiLSTM,Halabja,2028-09-01,0.108683,0.096926,0.120439
BiLSTM,Halabja,2028-10-01,0.119793,0.108002,0.131584
BiLSTM,Halabja,2028-11-01,0.139939,0.123657,0.156221
BiLSTM,Halabja,2028-12-01,0.169157,0.154003,0.184311
BiLSTM,Halabja,2029-01-01,0.206858,0.190636,0.223081
BiLSTM,Halabja,2029-02-01,0.264179,0.244607,0.283751
BiLSTM,Halabja,2029-03-01,0.346225,0.320127,0.372324
BiLSTM,Halabja,2029-04-01,0.406673,0.370833,0.442513
BiLSTM,Halabja,2029-05-01,0.210284,0.175771,0.244797
BiLSTM,Halabja,2029-06-01,0.132714,0.12083,0.144598
BiLSTM,Halabja,2029-07-01,0.109722,0.097062,0.122382
BiLSTM,Halabja,2029-08-01,0.104109,0.089886,0.118332
BiLSTM,Halabja,2029-09-01,0.107837,0.094073,0.1216
BiLSTM,Halabja,2029-10-01,0.11981,0.105537,0.134084
BiLSTM,Halabja,2029-11-01,0.139684,0.123278,0.156091
BiLSTM,Halabja,2029-12-01,0.169256,0.154099,0.184413
BiLSTM,Halabja,2030-01-01,0.206945,0.193222,0.220667
BiLSTM,Halabja,2030-02-01,0.265334,0.243527,0.28714
BiLSTM,Halabja,2030-03-01,0.346964,0.31735,0.376577
BiLSTM,Halabja,2030-04-01,0.406794,0.369343,0.444245
BiLSTM,Halabja,2030-05-01,0.211384,0.171247,0.251521
BiLSTM,Halabja,2030-06-01,0.132541,0.118074,0.147008
BiLSTM,Halabja,2030-07-01,0.109474,0.094855,0.124094
BiLSTM,Halabja,2030-08-01,0.104254,0.090005,0.118502
BiLSTM,Halabja,2030-09-01,0.108232,0.093537,0.122927
BiLSTM,Halabja,2030-10-01,0.12093,0.104487,0.137374
BiLSTM,Halabja,2030-11-01,0.138606,0.120787,0.156426
BiLSTM,Halabja,2030-12-01,0.169603,0.153142,0.186065
BiLSTM,Halabja,2031-01-01,0.206092,0.186739,0.225446
BiLSTM,Halabja,2031-02-01,0.263444,0.238648,0.28824
BiLSTM,Halabja,2031-03-01,0.345114,0.315712,0.374516
BiLSTM,Halabja,2031-04-01,0.406831,0.364996,0.448666
BiLSTM,Halabja,2031-05-01,0.212041,0.172238,0.251845
BiLSTM,Halabja,2031-06-01,0.132698,0.118581,0.146816
BiLSTM,Halabja,2031-07-01,0.109536,0.096378,0.122694
BiLSTM,Halabja,2031-08-01,0.104212,0.088276,0.120149
BiLSTM,Halabja,2031-09-01,0.108363,0.091094,0.125633
BiLSTM,Halabja,2031-10-01,0.119738,0.102926,0.136551
BiLSTM,Halabja,2031-11-01,0.138313,0.120517,0.156109
BiLSTM,Halabja,2031-12-01,0.16885,0.149509,0.18819
BiLSTM,Halabja,2032-01-01,0.206275,0.186306,0.226244
BiLSTM,Halabja,2032-02-01,0.263836,0.23823,0.289442
BiLSTM,Halabja,2032-03-01,0.345843,0.311159,0.380528
BiLSTM,Halabja,2032-04-01,0.405987,0.360369,0.451605
BiLSTM,Halabja,2032-05-01,0.211276,0.163087,0.259465
BiLSTM,Halabja,2032-06-01,0.132681,0.116697,0.148664
BiLSTM,Halabja,2032-07-01,0.109843,0.093636,0.126051
BiLSTM,Halabja,2032-08-01,0.10467,0.087425,0.121916
BiLSTM,Halabja,2032-09-01,0.107371,0.090463,0.124279
BiLSTM,Halabja,2032-10-01,0.119729,0.102679,0.136779
BiLSTM,Halabja,2032-11-01,0.140149,0.121223,0.159075
BiLSTM,Halabja,2032-12-01,0.168862,0.149596,0.188128
BiLSTM,Halabja,2033-01-01,0.205529,0.18564,0.225418
BiLSTM,Halabja,2033-02-01,0.263636,0.23751,0.289761
BiLSTM,Halabja,2033-03-01,0.347116,0.310713,0.383518
BiLSTM,Halabja,2033-04-01,0.409079,0.359888,0.45827
BiLSTM,Halabja,2033-05-01,0.212369,0.159523,0.265215
BiLSTM,Halabja,2033-06-01,0.132641,0.112986,0.152295
BiLSTM,Halabja,2033-07-01,0.110077,0.091579,0.128576
BiLSTM,Halabja,2033-08-01,0.103574,0.084138,0.123009
BiLSTM,Halabja,2033-09-01,0.10852,0.089217,0.127823
BiLSTM,Halabja,2033-10-01,0.119736,0.099425,0.140048
BiLSTM,Halabja,2033-11-01,0.139214,0.116743,0.161685
BiLSTM,Halabja,2033-12-01,0.169013,0.147158,0.190867
BiLSTM,Halabja,2034-01-01,0.207076,0.184392,0.22976
BiLSTM,Halabja,2034-02-01,0.263469,0.231374,0.295564
BiLSTM,Halabja,2034-03-01,0.344387,0.302241,0.386533
BiLSTM,Halabja,2034-04-01,0.40484,0.353207,0.456472
BiLSTM,Halabja,2034-05-01,0.213262,0.162976,0.263548
BiLSTM,Halabja,2034-06-01,0.133304,0.115154,0.151454
BiLSTM,Halabja,2034-07-01,0.109276,0.089453,0.129098
BiLSTM,Halabja,2034-08-01,0.104084,0.084374,0.123794
BiLSTM,Halabja,2034-09-01,0.108009,0.088475,0.127543
BiLSTM,Halabja,2034-10-01,0.120525,0.097671,0.14338
BiLSTM,Halabja,2034-11-01,0.139599,0.118476,0.160722
BiLSTM,Halabja,2034-12-01,0.169258,0.14128,0.197237
BiLSTM,Halabja,2035-01-01,0.206924,0.180772,0.233075
BiLSTM,Halabja,2035-02-01,0.264029,0.233754,0.294305
BiLSTM,Halabja,2035-03-01,0.34694,0.305545,0.388336
BiLSTM,Halabja,2035-04-01,0.405444,0.351497,0.459391
BiLSTM,Halabja,2035-05-01,0.212127,0.15647,0.267785
BiLSTM,Halabja,2035-06-01,0.133349,0.11352,0.153179
BiLSTM,Halabja,2035-07-01,0.10969,0.088725,0.130655
BiLSTM,Halabja,2035-08-01,0.10334,0.082897,0.123782
BiLSTM,Halabja,2035-09-01,0.107651,0.084971,0.130331
BiLSTM,Halabja,2035-10-01,0.120434,0.097457,0.143412
BiLSTM,Halabja,2035-11-01,0.139278,0.114938,0.163617
BiLSTM,Halabja,2035-12-01,0.169472,0.145086,0.193858
